site id, SRR7658642
average pi, 0.00941091088519
num_sites, 186338
aggregate_across_pi, 0.0320866743721
distributed_across_pi, 0.0320866743721