site id, SRR7658642
average pi, 0.00941091088519
num_sites, 186338
across_species_pi, 0.00941091088519