site id, b'SRR7658642'
average pi, 0.009410910885190355
num_sites, 186338
aggregate_across_pi, 0.032086674372120566
distributed_across_pi, 0.032086674372120566