site id, SRR8784397
average pi, 0.00137760584488
num_sites, 68709
aggregate_across_pi, 0.0144392364338
distributed_across_pi, 0.0144392364338