site id, b'SRR8784397'
average pi, 0.001377605844881071
num_sites, 68709
aggregate_across_pi, 0.014439236433777723
distributed_across_pi, 0.014439236433777723