site id, SRR8784397
average pi, 0.00137760584488
num_sites, 68709
across_species_pi, 0.00137760584488