site id, SRR7658588
average pi, 0.011587644623
num_sites, 1499711
across_species_pi, 0.011587644623