site id, SRR7658588
average pi, 0.011587644623
num_sites, 1499711
aggregate_across_pi, 0.0290193072645
distributed_across_pi, 0.0290193072645