site id, b'SRR7658588'
average pi, 0.011587644623012726
num_sites, 1499711
aggregate_across_pi, 0.029019307264476157
distributed_across_pi, 0.029019307264476157