site id, SRR7658652
average pi, 0.00188020427154
num_sites, 39451
aggregate_across_pi, 0.0267103571137
distributed_across_pi, 0.0267103571137