site id, b'SRR7658652'
average pi, 0.0018802042715371746
num_sites, 39451
aggregate_across_pi, 0.02671035711367442
distributed_across_pi, 0.02671035711367442