site id, SRR7658652
average pi, 0.00188020427154
num_sites, 39451
across_species_pi, 0.00188020427154