site id, SRR7658635
average pi, 0.000236109130437
num_sites, 4236094
aggregate_across_pi, 0.013414577543
distributed_across_pi, 0.013414577543