site id, SRR7658635
average pi, 0.000236109130437
num_sites, 4236094
across_species_pi, 0.000236109130437