site id, SRR8784361
average pi, 0.00695526525261
num_sites, 9806
across_species_pi, 0.00695526525261