site id, b'SRR8784361'
average pi, 0.006955265252613017
num_sites, 9806
aggregate_across_pi, 0.024542441173465702
distributed_across_pi, 0.024542441173465702