site id, SRR8784361
average pi, 0.00695526525261
num_sites, 9806
aggregate_across_pi, 0.0245424411735
distributed_across_pi, 0.0245424411735