site id, SRR8784375
average pi, 0.000133495698829
num_sites, 655699
aggregate_across_pi, 0.00197332083327
distributed_across_pi, 0.00197332083327