site id, SRR8784375
average pi, 0.000133495698829
num_sites, 655699
across_species_pi, 0.000133495698829