site id, b'SRR8784375'
average pi, 0.00013349569882856454
num_sites, 655699
aggregate_across_pi, 0.001973320833272211
distributed_across_pi, 0.001973320833272211