site id, SRR8180447
average pi, 0.0116669087119
num_sites, 42483
aggregate_across_pi, 0.0276518129318
distributed_across_pi, 0.0276518129318