site id, b'SRR8180447'
average pi, 0.011666908711944673
num_sites, 42483
aggregate_across_pi, 0.027651812931813954
distributed_across_pi, 0.027651812931813954