site id, SRR8180447
average pi, 0.0116669087119
num_sites, 42483
across_species_pi, 0.0116669087119