site id, b'SRR8784392'
average pi, 0.006561740738200527
num_sites, 344259
aggregate_across_pi, 0.05654326586382626
distributed_across_pi, 0.05654326586382626