site id, SRR8784392
average pi, 0.0065617407382
num_sites, 344259
across_species_pi, 0.0065617407382