site id, SRR8784392
average pi, 0.0065617407382
num_sites, 344259
aggregate_across_pi, 0.0565432658638
distributed_across_pi, 0.0565432658638