site id, SRR8784367
average pi, 0.00252712665957
num_sites, 4491
aggregate_across_pi, 0.0222208887404
distributed_across_pi, 0.0222208887404