site id, b'SRR8784367'
average pi, 0.002527126659569481
num_sites, 4491
aggregate_across_pi, 0.022220888740350678
distributed_across_pi, 0.022220888740350678