site id, SRR8784367
average pi, 0.00252712665957
num_sites, 4491
across_species_pi, 0.00252712665957