site id, b'SRR8784397'
average pi, 0.0007018194484440356
num_sites, 2354724
aggregate_across_pi, 0.030477045975187026
distributed_across_pi, 0.030477045975187026