site id, SRR8784397
average pi, 0.000701819448444
num_sites, 2354724
across_species_pi, 0.000701819448444