site id, SRR8784397
average pi, 0.000701819448444
num_sites, 2354724
aggregate_across_pi, 0.0304770459752
distributed_across_pi, 0.0304770459752