site id, b'SRR8784392'
average pi, 0.002120918521992117
num_sites, 1329396
aggregate_across_pi, 0.02066885722757528
distributed_across_pi, 0.02066885722757528