site id, SRR8784392
average pi, 0.00212091852199
num_sites, 1329396
aggregate_across_pi, 0.0206688572276
distributed_across_pi, 0.0206688572276