site id, SRR8784392
average pi, 0.00212091852199
num_sites, 1329396
across_species_pi, 0.00212091852199