site id, SRR8784397
average pi, 0.00092310764598
num_sites, 264410
aggregate_across_pi, 0.0181136009319
distributed_across_pi, 0.0181136009319