site id, SRR8784397
average pi, 0.00092310764598
num_sites, 264410
across_species_pi, 0.00092310764598