site id, b'SRR8784397'
average pi, 0.0009231076459799344
num_sites, 264410
aggregate_across_pi, 0.018113600931908957
distributed_across_pi, 0.018113600931908957