site id, b'SRR7658656'
average pi, 0.002516767418086054
num_sites, 98969
aggregate_across_pi, 0.02353981436116889
distributed_across_pi, 0.02353981436116889