site id, SRR7658656
average pi, 0.00251676741809
num_sites, 98969
aggregate_across_pi, 0.0235398143612
distributed_across_pi, 0.0235398143612