site id, SRR7658656
average pi, 0.00251676741809
num_sites, 98969
across_species_pi, 0.00251676741809