site id, b'SRR8784397'
average pi, 0.0012467002678879125
num_sites, 83575
aggregate_across_pi, 0.01009554030262533
distributed_across_pi, 0.01009554030262533