site id, SRR8784397
average pi, 0.00124670026789
num_sites, 83575
across_species_pi, 0.00124670026789