site id, SRR8784397
average pi, 0.00124670026789
num_sites, 83575
aggregate_across_pi, 0.0100955403026
distributed_across_pi, 0.0100955403026