site id, SRR8784392
average pi, 0.00488794575495
num_sites, 56580
aggregate_across_pi, 0.00862006236464
distributed_across_pi, 0.00862006236464