site id, SRR8784392
average pi, 0.00488794575495
num_sites, 56580
across_species_pi, 0.00488794575495