site id, b'SRR8784392'
average pi, 0.004887945754948022
num_sites, 56580
aggregate_across_pi, 0.008620062364638099
distributed_across_pi, 0.008620062364638099