site id, b'SRR8784397'
average pi, 0.000841344537077637
num_sites, 3013659
aggregate_across_pi, 0.006225684516815534
distributed_across_pi, 0.006225684516815534