site id, SRR8784397
average pi, 0.000841344537078
num_sites, 3013659
across_species_pi, 0.000841344537078