site id, SRR8784397
average pi, 0.000841344537078
num_sites, 3013659
aggregate_across_pi, 0.00622568451682
distributed_across_pi, 0.00622568451682