site id, b'SRR8784359'
average pi, 0.0009562091523893985
num_sites, 994931
aggregate_across_pi, 0.004554713451175858
distributed_across_pi, 0.004554713451175858