site id, SRR8784359
average pi, 0.000956209152389
num_sites, 994931
aggregate_across_pi, 0.00455471345118
distributed_across_pi, 0.00455471345118