site id, SRR8784359
average pi, 0.000956209152389
num_sites, 994931
across_species_pi, 0.000956209152389