site id, SRR7658621
average pi, 0.00311875046305
num_sites, 10918
across_species_pi, 0.00311875046305