site id, b'SRR7658621'
average pi, 0.0031187504630456834
num_sites, 10918
aggregate_across_pi, 0.016619524121184316
distributed_across_pi, 0.016619524121184316