site id, SRR7658621
average pi, 0.00311875046305
num_sites, 10918
aggregate_across_pi, 0.0166195241212
distributed_across_pi, 0.0166195241212