site id, SRR7658595
average pi, 0.000777605984091
num_sites, 23428
across_species_pi, 0.000777605984091