site id, b'SRR7658595'
average pi, 0.0007776059840906199
num_sites, 23428
aggregate_across_pi, 0.027562429979471448
distributed_across_pi, 0.027562429979471448