site id, SRR7658595
average pi, 0.000777605984091
num_sites, 23428
aggregate_across_pi, 0.0275624299795
distributed_across_pi, 0.0275624299795