site id, SRR8784397
average pi, 0.00273106404635
num_sites, 11442
across_species_pi, 0.00273106404635