site id, b'SRR8784397'
average pi, 0.002731064046352775
num_sites, 11442
aggregate_across_pi, 0.01912623542877162
distributed_across_pi, 0.01912623542877162