site id, SRR8784397
average pi, 0.00273106404635
num_sites, 11442
aggregate_across_pi, 0.0191262354288
distributed_across_pi, 0.0191262354288