site id, b'SRR8784360'
average pi, 0.006716042373811743
num_sites, 8141
aggregate_across_pi, 0.025493434807218676
distributed_across_pi, 0.025493434807218676