site id, SRR8784360
average pi, 0.00671604237381
num_sites, 8141
across_species_pi, 0.00671604237381