site id, SRR8784360
average pi, 0.00671604237381
num_sites, 8141
aggregate_across_pi, 0.0254934348072
distributed_across_pi, 0.0254934348072