site id, SRR8784392
average pi, 0.00256455301781
num_sites, 398433
aggregate_across_pi, 0.025930920841
distributed_across_pi, 0.025930920841