site id, SRR8784392
average pi, 0.00256455301781
num_sites, 398433
across_species_pi, 0.00256455301781