site id, b'SRR8784392'
average pi, 0.0025645530178099855
num_sites, 398433
aggregate_across_pi, 0.025930920840989347
distributed_across_pi, 0.025930920840989347