site id, b'SRR8784385'
average pi, 0.002525847424039473
num_sites, 21240
aggregate_across_pi, 0.03434983082227961
distributed_across_pi, 0.03434983082227961