site id, SRR8784385
average pi, 0.00252584742404
num_sites, 21240
aggregate_across_pi, 0.0343498308223
distributed_across_pi, 0.0343498308223