site id, SRR8784385
average pi, 0.00252584742404
num_sites, 21240
across_species_pi, 0.00252584742404