site id, SRR8784393
average pi, 0.0115189131013
num_sites, 83162
across_species_pi, 0.0115189131013