site id, b'SRR8784393'
average pi, 0.011518913101273325
num_sites, 83162
aggregate_across_pi, 0.030480780517478327
distributed_across_pi, 0.030480780517478327