site id, SRR8784393
average pi, 0.0115189131013
num_sites, 83162
aggregate_across_pi, 0.0304807805175
distributed_across_pi, 0.0304807805175