site id, b'SRR7658678'
average pi, 0.0012237530295891536
num_sites, 156988
aggregate_across_pi, 0.029330361849671832
distributed_across_pi, 0.029330361849671832