site id, SRR7658678
average pi, 0.00122375302959
num_sites, 156988
aggregate_across_pi, 0.0293303618497
distributed_across_pi, 0.0293303618497