site id, SRR7658678
average pi, 0.00122375302959
num_sites, 156988
across_species_pi, 0.00122375302959