site id, b'SRR7658620'
average pi, 0.013092783958554182
num_sites, 52057
aggregate_across_pi, 0.030187165128818777
distributed_across_pi, 0.030187165128818777