site id, SRR7658620
average pi, 0.0130927839586
num_sites, 52057
aggregate_across_pi, 0.0301871651288
distributed_across_pi, 0.0301871651288