site id, SRR7658620
average pi, 0.0130927839586
num_sites, 52057
across_species_pi, 0.0130927839586