site id, SRR7658579
average pi, 0.00121786842288
num_sites, 4787107
aggregate_across_pi, 0.0210738884504
distributed_across_pi, 0.0210738884504