site id, SRR7658579
average pi, 0.00121786842288
num_sites, 4787107
across_species_pi, 0.00121786842288