site id, b'SRR7658632'
average pi, 0.0003217156510115347
num_sites, 170328
aggregate_across_pi, 0.04453159932773935
distributed_across_pi, 0.04453159932773935