site id, SRR7658632
average pi, 0.000321715651012
num_sites, 170328
across_species_pi, 0.000321715651012