site id, SRR7658632
average pi, 0.000321715651012
num_sites, 170328
aggregate_across_pi, 0.0445315993277
distributed_across_pi, 0.0445315993277