site id, SRR7658626
average pi, 0.00483606707276
num_sites, 109045
across_species_pi, 0.00483606707276