site id, b'SRR7658626'
average pi, 0.004836067072755359
num_sites, 109045
aggregate_across_pi, 0.03185250818210085
distributed_across_pi, 0.03185250818210085