site id, SRR7658626
average pi, 0.00483606707276
num_sites, 109045
aggregate_across_pi, 0.0318525081821
distributed_across_pi, 0.0318525081821