site id, b'SRR7658630'
average pi, 0.00042095220446981715
num_sites, 610817
aggregate_across_pi, 0.022444080142355657
distributed_across_pi, 0.022444080142355657