site id, SRR7658630
average pi, 0.00042095220447
num_sites, 610817
aggregate_across_pi, 0.0224440801424
distributed_across_pi, 0.0224440801424