site id, SRR7658630
average pi, 0.00042095220447
num_sites, 610817
across_species_pi, 0.00042095220447