site id, SRR8784383
average pi, 0.00161186352866
num_sites, 39592
across_species_pi, 0.00161186352866