site id, SRR8784383
average pi, 0.00161186352866
num_sites, 39592
aggregate_across_pi, 0.0248638892804
distributed_across_pi, 0.0248638892804