site id, b'SRR8784383'
average pi, 0.001611863528656665
num_sites, 39592
aggregate_across_pi, 0.02486388928043416
distributed_across_pi, 0.02486388928043416