site id, SRR7658645
average pi, 0.00611081315303
num_sites, 346854
aggregate_across_pi, 0.0147760950037
distributed_across_pi, 0.0147760950037