site id, b'SRR7658645'
average pi, 0.006110813153028335
num_sites, 346854
aggregate_across_pi, 0.014776095003668832
distributed_across_pi, 0.014776095003668832