site id, SRR7658645
average pi, 0.00611081315303
num_sites, 346854
across_species_pi, 0.00611081315303