site id, SRR8784383
average pi, 0.0090327032431
num_sites, 36159
aggregate_across_pi, 0.0251171237481
distributed_across_pi, 0.0251171237481