site id, SRR8784383
average pi, 0.0090327032431
num_sites, 36159
across_species_pi, 0.0090327032431