site id, b'SRR8784383'
average pi, 0.0090327032430997
num_sites, 36159
aggregate_across_pi, 0.025117123748105645
distributed_across_pi, 0.025117123748105645