site id, b'SRR8784392'
average pi, 0.0004487298014856015
num_sites, 970406
aggregate_across_pi, 0.03059621110904873
distributed_across_pi, 0.03059621110904873