site id, SRR8784392
average pi, 0.000448729801486
num_sites, 970406
across_species_pi, 0.000448729801486