site id, SRR8784392
average pi, 0.000448729801486
num_sites, 970406
aggregate_across_pi, 0.030596211109
distributed_across_pi, 0.030596211109