site id, SRR8784392
average pi, 0.00179519955976
num_sites, 959548
across_species_pi, 0.00179519955976