site id, SRR8784392
average pi, 0.00179519955976
num_sites, 959548
aggregate_across_pi, 0.035849390963
distributed_across_pi, 0.035849390963