site id, b'SRR8784392'
average pi, 0.0017951995597555665
num_sites, 959548
aggregate_across_pi, 0.03584939096299872
distributed_across_pi, 0.03584939096299872