site id, SRR8784397
average pi, 0.00787176948229
num_sites, 14447
across_species_pi, 0.00787176948229