site id, SRR8784397
average pi, 0.00787176948229
num_sites, 14447
aggregate_across_pi, 0.0218322410883
distributed_across_pi, 0.0218322410883