site id, b'SRR8784397'
average pi, 0.007871769482286526
num_sites, 14447
aggregate_across_pi, 0.02183224108833392
distributed_across_pi, 0.02183224108833392