site id, SRR7658579
average pi, 0.00091891064651
num_sites, 638156
across_species_pi, 0.00091891064651