site id, SRR7658579
average pi, 0.00091891064651
num_sites, 638156
aggregate_across_pi, 0.00987243876473
distributed_across_pi, 0.00987243876473