site id, b'SRR7658579'
average pi, 0.0009189106465102081
num_sites, 638156
aggregate_across_pi, 0.009872438764727104
distributed_across_pi, 0.009872438764727104