site id, SRR8784372
average pi, 0.000905647559439
num_sites, 1815174
across_species_pi, 0.000905647559439