site id, SRR8784372
average pi, 0.000905647559439
num_sites, 1815174
aggregate_across_pi, 0.0156774114583
distributed_across_pi, 0.0156774114583