site id, b'SRR8784372'
average pi, 0.0009056475594393483
num_sites, 1815174
aggregate_across_pi, 0.015677411458336815
distributed_across_pi, 0.015677411458336815